Ejercicio2_LuisChico/out/Ejercicio2_LuisChico.elf	0x1a000698	0x00000002	t	errorOcurred
Ejercicio2_LuisChico/out/Ejercicio2_LuisChico.elf	0x1a00069c	0x00000002	t	doNothing
Ejercicio2_LuisChico/out/Ejercicio2_LuisChico.elf	0x1a0029ac	0x00000030	t	timer_sd
Ejercicio2_LuisChico/out/Ejercicio2_LuisChico.elf	0x10000000	0x00000040	d	timer_dd
Ejercicio2_LuisChico/out/Ejercicio2_LuisChico.elf	0x1a000c88	0x0000002c	t	gpioObtainPinConfig
Ejercicio2_LuisChico/out/Ejercicio2_LuisChico.elf	0x1a000f18	0x00000040	t	Board_LED_Init
Ejercicio2_LuisChico/out/Ejercicio2_LuisChico.elf	0x1a002b14	0x0000000c	t	gpioLEDBits
Ejercicio2_LuisChico/out/Ejercicio2_LuisChico.elf	0x1a002b30	0x00000060	t	pinmuxing
Ejercicio2_LuisChico/out/Ejercicio2_LuisChico.elf	0x1a002b90	0x0000000c	t	InitClkStates
Ejercicio2_LuisChico/out/Ejercicio2_LuisChico.elf	0x1a0011f0	0x0000002c	t	Chip_UART_GetIndex
Ejercicio2_LuisChico/out/Ejercicio2_LuisChico.elf	0x1a00121c	0x00000048	t	Chip_UART_ABIntHandler
Ejercicio2_LuisChico/out/Ejercicio2_LuisChico.elf	0x1a002b9c	0x00000008	t	UART_PClock
Ejercicio2_LuisChico/out/Ejercicio2_LuisChico.elf	0x1a002ba4	0x00000008	t	UART_BClock
Ejercicio2_LuisChico/out/Ejercicio2_LuisChico.elf	0x10000048	0x00000001	b	ABsyncSts
Ejercicio2_LuisChico/out/Ejercicio2_LuisChico.elf	0x1a001750	0x00000034	t	Chip_USB_PllSetup
Ejercicio2_LuisChico/out/Ejercicio2_LuisChico.elf	0x1a002bac	0x00000014	t	usbPLLSetup
Ejercicio2_LuisChico/out/Ejercicio2_LuisChico.elf	0x1a001814	0x000000a8	t	pll_calc_divs
Ejercicio2_LuisChico/out/Ejercicio2_LuisChico.elf	0x1a0018bc	0x00000104	t	pll_get_frac
Ejercicio2_LuisChico/out/Ejercicio2_LuisChico.elf	0x1a0019c0	0x00000024	t	Chip_Clock_TestMainPLLMultiplier
Ejercicio2_LuisChico/out/Ejercicio2_LuisChico.elf	0x1a0019e4	0x00000048	t	Chip_Clock_FindBaseClock
Ejercicio2_LuisChico/out/Ejercicio2_LuisChico.elf	0x1a001e0c	0x00000022	t	Chip_Clock_GetDivRate
Ejercicio2_LuisChico/out/Ejercicio2_LuisChico.elf	0x1a002bc0	0x0000006c	t	periph_to_base
Ejercicio2_LuisChico/out/Ejercicio2_LuisChico.elf	0x1000004c	0x00000008	b	audio_usb_pll_freq
Ejercicio2_LuisChico/out/Ejercicio2_LuisChico.elf	0x1a002c38	0x00000048	t	InitClkStates
Ejercicio2_LuisChico/out/Ejercicio2_LuisChico.elf	0x1a00227c	0x0000002c	t	Chip_TIMER_GetClockIndex
Ejercicio2_LuisChico/out/Ejercicio2_LuisChico.elf	0x1a080000	0x00000000	a	__top_MFlashA512
Ejercicio2_LuisChico/out/Ejercicio2_LuisChico.elf	0x1a002c88	0x00000000	r	__exidx_end
Ejercicio2_LuisChico/out/Ejercicio2_LuisChico.elf	0x1a002c88	0x00000000	r	_etext
Ejercicio2_LuisChico/out/Ejercicio2_LuisChico.elf	0x20008000	0x00000000	a	__top_RamAHB32
Ejercicio2_LuisChico/out/Ejercicio2_LuisChico.elf	0x1a002c80	0x00000000	t	__exidx_start
Ejercicio2_LuisChico/out/Ejercicio2_LuisChico.elf	0x20010000	0x00000000	a	__top_RamAHB_ETB16
Ejercicio2_LuisChico/out/Ejercicio2_LuisChico.elf	0x10008000	0x00000000	a	__top_RamLoc32
Ejercicio2_LuisChico/out/Ejercicio2_LuisChico.elf	0x2000c000	0x00000000	a	__top_RamAHB16
Ejercicio2_LuisChico/out/Ejercicio2_LuisChico.elf	0x1008a000	0x00000000	a	__top_RamLoc40
Ejercicio2_LuisChico/out/Ejercicio2_LuisChico.elf	0x100000c4	0x00000000	b	_pvHeapStart
Ejercicio2_LuisChico/out/Ejercicio2_LuisChico.elf	0x1b080000	0x00000000	a	__top_MFlashB512
Ejercicio2_LuisChico/out/Ejercicio2_LuisChico.elf	0x1a001adc	0x0000001c	T	Chip_Clock_GetDividerSource
Ejercicio2_LuisChico/out/Ejercicio2_LuisChico.elf	0x1a00243c	0x0000002e	T	__gnu_uldivmod_helper
Ejercicio2_LuisChico/out/Ejercicio2_LuisChico.elf	0x1a000900	0x00000040	T	TIMER2_IRQHandler
Ejercicio2_LuisChico/out/Ejercicio2_LuisChico.elf	0x1a000194	0x00000002	W	DebugMon_Handler
Ejercicio2_LuisChico/out/Ejercicio2_LuisChico.elf	0x1a0001a0	0x00000002	W	RIT_IRQHandler
Ejercicio2_LuisChico/out/Ejercicio2_LuisChico.elf	0x1a0007ac	0x00000040	T	Timer_DeInit
Ejercicio2_LuisChico/out/Ejercicio2_LuisChico.elf	0x1a0001a0	0x00000002	W	ADCHS_IRQHandler
Ejercicio2_LuisChico/out/Ejercicio2_LuisChico.elf	0x1a002470	0x0000029c	T	__divdi3
Ejercicio2_LuisChico/out/Ejercicio2_LuisChico.elf	0x1a000114	0x00000000	T	__section_table_start
Ejercicio2_LuisChico/out/Ejercicio2_LuisChico.elf	0x1a0001a0	0x00000002	W	FLASH_EEPROM_IRQHandler
Ejercicio2_LuisChico/out/Ejercicio2_LuisChico.elf	0x1a0001a0	0x00000002	W	I2C0_IRQHandler
Ejercicio2_LuisChico/out/Ejercicio2_LuisChico.elf	0x1a000540	0x00000044	T	uartReadByte
Ejercicio2_LuisChico/out/Ejercicio2_LuisChico.elf	0x1a001784	0x00000034	T	Chip_USB0_Init
Ejercicio2_LuisChico/out/Ejercicio2_LuisChico.elf	0x1a0012f4	0x00000010	T	Chip_UART_CheckBusy
Ejercicio2_LuisChico/out/Ejercicio2_LuisChico.elf	0x1a000a88	0x0000003e	T	delayRead
Ejercicio2_LuisChico/out/Ejercicio2_LuisChico.elf	0x1a000180	0x00000002	W	HardFault_Handler
Ejercicio2_LuisChico/out/Ejercicio2_LuisChico.elf	0x1a001588	0x0000000c	T	Chip_UART_GetABEOStatus
Ejercicio2_LuisChico/out/Ejercicio2_LuisChico.elf	0x1a000000	0x00000000	A	__vectors_start__
Ejercicio2_LuisChico/out/Ejercicio2_LuisChico.elf	0x1a00169c	0x00000030	T	RingBuffer_Pop
Ejercicio2_LuisChico/out/Ejercicio2_LuisChico.elf	0x1a000fc4	0x00000014	T	Board_UARTPutSTR
Ejercicio2_LuisChico/out/Ejercicio2_LuisChico.elf	0x1a001ec0	0x00000018	T	Chip_Clock_DisableBaseClock
Ejercicio2_LuisChico/out/Ejercicio2_LuisChico.elf	0x1a000b74	0x00000024	T	SysTick_Handler
Ejercicio2_LuisChico/out/Ejercicio2_LuisChico.elf	0x1a001370	0x00000044	T	Chip_UART_SetBaud
Ejercicio2_LuisChico/out/Ejercicio2_LuisChico.elf	0x1a001c4c	0x0000009c	T	Chip_Clock_SetupMainPLLMult
Ejercicio2_LuisChico/out/Ejercicio2_LuisChico.elf	0x1a0001a0	0x00000002	W	SDIO_IRQHandler
Ejercicio2_LuisChico/out/Ejercicio2_LuisChico.elf	0x1a000fa8	0x0000001c	T	Board_UARTGetChar
Ejercicio2_LuisChico/out/Ejercicio2_LuisChico.elf	0x1a0001a0	0x00000002	W	ATIMER_IRQHandler
Ejercicio2_LuisChico/out/Ejercicio2_LuisChico.elf	0x1a000198	0x00000002	W	PendSV_Handler
Ejercicio2_LuisChico/out/Ejercicio2_LuisChico.elf	0x1a00017c	0x00000002	W	NMI_Handler
Ejercicio2_LuisChico/out/Ejercicio2_LuisChico.elf	0x1a000150	0x00000000	T	__data_section_table_end
Ejercicio2_LuisChico/out/Ejercicio2_LuisChico.elf	0x1a0001a0	0x00000002	W	I2C1_IRQHandler
Ejercicio2_LuisChico/out/Ejercicio2_LuisChico.elf	0x1a0001a0	0x00000002	W	UART1_IRQHandler
Ejercicio2_LuisChico/out/Ejercicio2_LuisChico.elf	0x1a0001a0	0x00000002	W	GPIO5_IRQHandler
Ejercicio2_LuisChico/out/Ejercicio2_LuisChico.elf	0x1a0001a0	0x00000002	W	CAN1_IRQHandler
Ejercicio2_LuisChico/out/Ejercicio2_LuisChico.elf	0x1a0020c8	0x00000014	T	Chip_Clock_EnablePLL
Ejercicio2_LuisChico/out/Ejercicio2_LuisChico.elf	0x53ff5506	0x00000000	A	__valid_user_code_checksum
Ejercicio2_LuisChico/out/Ejercicio2_LuisChico.elf	0x1a0010e4	0x00000028	T	Board_SSP_Init
Ejercicio2_LuisChico/out/Ejercicio2_LuisChico.elf	0x1a0001a0	0x00000002	W	USB1_IRQHandler
Ejercicio2_LuisChico/out/Ejercicio2_LuisChico.elf	0x1a0001a0	0x00000002	W	I2S0_IRQHandler
Ejercicio2_LuisChico/out/Ejercicio2_LuisChico.elf	0x1a0003fc	0x0000002c	T	updateLed
Ejercicio2_LuisChico/out/Ejercicio2_LuisChico.elf	0x1a0005b4	0x00000084	T	waitForReceiveStringOrTimeout
Ejercicio2_LuisChico/out/Ejercicio2_LuisChico.elf	0x1a000940	0x00000040	T	TIMER3_IRQHandler
Ejercicio2_LuisChico/out/Ejercicio2_LuisChico.elf	0x1a001f1c	0x0000000c	T	Chip_Clock_GetBaseClocktHz
Ejercicio2_LuisChico/out/Ejercicio2_LuisChico.elf	0x1a000178	0x00000002	T	UART0_IRQHandler
Ejercicio2_LuisChico/out/Ejercicio2_LuisChico.elf	0x1a0001c0	0x00000012	T	bss_init
Ejercicio2_LuisChico/out/Ejercicio2_LuisChico.elf	0x1a0022d8	0x00000028	T	Chip_TIMER_ExtMatchControlSet
Ejercicio2_LuisChico/out/Ejercicio2_LuisChico.elf	0x1a001458	0x0000000e	T	Chip_UART_ReadRB
Ejercicio2_LuisChico/out/Ejercicio2_LuisChico.elf	0x1a0022c0	0x00000018	T	Chip_TIMER_Reset
Ejercicio2_LuisChico/out/Ejercicio2_LuisChico.elf	0x1a002978	0x00000016	T	memcpy
Ejercicio2_LuisChico/out/Ejercicio2_LuisChico.elf	0x1a0001a0	0x00000002	W	SGPIO_IRQHandler
Ejercicio2_LuisChico/out/Ejercicio2_LuisChico.elf	0x1a0022b4	0x0000000c	T	Chip_TIMER_DeInit
Ejercicio2_LuisChico/out/Ejercicio2_LuisChico.elf	0x1a002088	0x00000040	T	Chip_Clock_SetupPLL
Ejercicio2_LuisChico/out/Ejercicio2_LuisChico.elf	0x1a0023dc	0x00000000	T	__aeabi_uldivmod
Ejercicio2_LuisChico/out/Ejercicio2_LuisChico.elf	0x100000c4	0x00000000	?	_noinit
Ejercicio2_LuisChico/out/Ejercicio2_LuisChico.elf	0x1a000674	0x00000018	T	uartWriteString
Ejercicio2_LuisChico/out/Ejercicio2_LuisChico.elf	0x100000c0	0x00000004	B	SystemCoreClock
Ejercicio2_LuisChico/out/Ejercicio2_LuisChico.elf	0x1a001264	0x00000050	T	Chip_UART_Init
Ejercicio2_LuisChico/out/Ejercicio2_LuisChico.elf	0x1a0001a0	0x00000002	W	ADC0_IRQHandler
Ejercicio2_LuisChico/out/Ejercicio2_LuisChico.elf	0x1a00160c	0x00000090	T	RingBuffer_InsertMult
Ejercicio2_LuisChico/out/Ejercicio2_LuisChico.elf	0x1a000a68	0x00000020	T	delayConfig
Ejercicio2_LuisChico/out/Ejercicio2_LuisChico.elf	0x1a00018c	0x00000002	W	UsageFault_Handler
Ejercicio2_LuisChico/out/Ejercicio2_LuisChico.elf	0x1a00200c	0x0000004c	T	Chip_Clock_GetRate
Ejercicio2_LuisChico/out/Ejercicio2_LuisChico.elf	0x1a0001a0	0x00000002	W	GPIO6_IRQHandler
Ejercicio2_LuisChico/out/Ejercicio2_LuisChico.elf	0x100000b0	0x00000008	B	tickCounter
Ejercicio2_LuisChico/out/Ejercicio2_LuisChico.elf	0x1a001170	0x00000074	T	Board_SetupClocking
Ejercicio2_LuisChico/out/Ejercicio2_LuisChico.elf	0x1a002274	0x00000008	T	Chip_SystemInit
Ejercicio2_LuisChico/out/Ejercicio2_LuisChico.elf	0x1a002b2c	0x00000004	T	ExtRateIn
Ejercicio2_LuisChico/out/Ejercicio2_LuisChico.elf	0x1a0001a0	0x00000002	W	IntDefaultHandler
Ejercicio2_LuisChico/out/Ejercicio2_LuisChico.elf	0x1a000300	0x00000000	T	__CRP_WORD_END__
Ejercicio2_LuisChico/out/Ejercicio2_LuisChico.elf	0x1a000b68	0x0000000c	T	tickWrite
Ejercicio2_LuisChico/out/Ejercicio2_LuisChico.elf	0x1a00235c	0x00000002	T	Chip_GPIO_DeInit
Ejercicio2_LuisChico/out/Ejercicio2_LuisChico.elf	0x1a0001a0	0x00000002	W	GPIO1_IRQHandler
Ejercicio2_LuisChico/out/Ejercicio2_LuisChico.elf	0x1a000ae4	0x00000078	T	tickConfig
Ejercicio2_LuisChico/out/Ejercicio2_LuisChico.elf	0x1a0017b8	0x00000048	T	Chip_USB1_Init
Ejercicio2_LuisChico/out/Ejercicio2_LuisChico.elf	0x1a0001a0	0x00000002	W	SSP0_IRQHandler
Ejercicio2_LuisChico/out/Ejercicio2_LuisChico.elf	0x1a000cb4	0x0000019c	T	gpioConfig
Ejercicio2_LuisChico/out/Ejercicio2_LuisChico.elf	0x1a0002fc	0x00000004	T	CRP_WORD
Ejercicio2_LuisChico/out/Ejercicio2_LuisChico.elf	0x1a002260	0x00000014	T	Chip_SetupIrcClocking
Ejercicio2_LuisChico/out/Ejercicio2_LuisChico.elf	0x1a00270c	0x0000026a	T	__udivdi3
Ejercicio2_LuisChico/out/Ejercicio2_LuisChico.elf	0x1a0001a0	0x00000002	W	ADC1_IRQHandler
Ejercicio2_LuisChico/out/Ejercicio2_LuisChico.elf	0x1a0015dc	0x00000030	T	RingBuffer_Insert
Ejercicio2_LuisChico/out/Ejercicio2_LuisChico.elf	0x1a00106c	0x00000028	T	Board_Init
Ejercicio2_LuisChico/out/Ejercicio2_LuisChico.elf	0x1a000114	0x00000000	T	__data_section_table
Ejercicio2_LuisChico/out/Ejercicio2_LuisChico.elf	0x10000058	0x00000020	B	tec2
Ejercicio2_LuisChico/out/Ejercicio2_LuisChico.elf	0x1a0001a0	0x00000002	W	RTC_IRQHandler
Ejercicio2_LuisChico/out/Ejercicio2_LuisChico.elf	0x100000c4	0x00000000	B	_ebss
Ejercicio2_LuisChico/out/Ejercicio2_LuisChico.elf	0x1a000888	0x0000003c	T	TIMER0_IRQHandler
Ejercicio2_LuisChico/out/Ejercicio2_LuisChico.elf	0x1a0001a0	0x00000002	W	SPI_IRQHandler
Ejercicio2_LuisChico/out/Ejercicio2_LuisChico.elf	0x1a000354	0x000000a8	T	fsmAntiRebote
Ejercicio2_LuisChico/out/Ejercicio2_LuisChico.elf	0x1a0001a0	0x00000002	W	LCD_IRQHandler
Ejercicio2_LuisChico/out/Ejercicio2_LuisChico.elf	0x1a001a2c	0x0000004c	T	Chip_Clock_EnableCrystal
Ejercicio2_LuisChico/out/Ejercicio2_LuisChico.elf	0x1a000b98	0x000000ee	T	boardConfig
Ejercicio2_LuisChico/out/Ejercicio2_LuisChico.elf	0x1a0001a4	0x0000001a	T	data_init
Ejercicio2_LuisChico/out/Ejercicio2_LuisChico.elf	0x1a0008c4	0x0000003c	T	TIMER1_IRQHandler
Ejercicio2_LuisChico/out/Ejercicio2_LuisChico.elf	0x1a001a88	0x00000054	T	Chip_Clock_SetDivider
Ejercicio2_LuisChico/out/Ejercicio2_LuisChico.elf	0x1a0029a0	0x00000003	T	leds
Ejercicio2_LuisChico/out/Ejercicio2_LuisChico.elf	0x1a00068c	0x00000002	T	UART2_IRQHandler
Ejercicio2_LuisChico/out/Ejercicio2_LuisChico.elf	0x1a001da4	0x00000068	T	Chip_Clock_GetMainPLLHz
Ejercicio2_LuisChico/out/Ejercicio2_LuisChico.elf	0x1a0012b4	0x0000001c	T	Chip_UART_DeInit
Ejercicio2_LuisChico/out/Ejercicio2_LuisChico.elf	0x1a000694	0x00000004	T	sAPI_NullFuncPtr
Ejercicio2_LuisChico/out/Ejercicio2_LuisChico.elf	0x1a000584	0x00000030	T	uartWriteByte
Ejercicio2_LuisChico/out/Ejercicio2_LuisChico.elf	0x1a000f00	0x00000016	T	gpioToggle
Ejercicio2_LuisChico/out/Ejercicio2_LuisChico.elf	0x1a0001a0	0x00000002	W	GPIO2_IRQHandler
Ejercicio2_LuisChico/out/Ejercicio2_LuisChico.elf	0x1a001a78	0x00000010	T	Chip_Clock_DisableCrystal
Ejercicio2_LuisChico/out/Ejercicio2_LuisChico.elf	0x1a001fe4	0x00000014	T	Chip_Clock_StartPowerDown
Ejercicio2_LuisChico/out/Ejercicio2_LuisChico.elf	0x1a0006a0	0x0000010c	T	Timer_Init
Ejercicio2_LuisChico/out/Ejercicio2_LuisChico.elf	0x1a0007ec	0x00000008	T	Timer_microsecondsToTicks
Ejercicio2_LuisChico/out/Ejercicio2_LuisChico.elf	0x1a001ef8	0x00000024	T	Chip_Clock_GetBaseClock
Ejercicio2_LuisChico/out/Ejercicio2_LuisChico.elf	0x1a0020f0	0x0000000c	T	Chip_Clock_GetPLLStatus
Ejercicio2_LuisChico/out/Ejercicio2_LuisChico.elf	0x1a0013b4	0x00000024	T	Chip_UART_RXIntHandlerRB
Ejercicio2_LuisChico/out/Ejercicio2_LuisChico.elf	0x1a001414	0x00000042	T	Chip_UART_SendRB
Ejercicio2_LuisChico/out/Ejercicio2_LuisChico.elf	0x10000048	0x00000000	B	_bss
Ejercicio2_LuisChico/out/Ejercicio2_LuisChico.elf	0x1a000300	0x00000054	T	initsytem
Ejercicio2_LuisChico/out/Ejercicio2_LuisChico.elf	0x1a0001a0	0x00000002	W	I2S1_IRQHandler
Ejercicio2_LuisChico/out/Ejercicio2_LuisChico.elf	0x1a001ce8	0x000000bc	T	Chip_Clock_SetupMainPLLHz
Ejercicio2_LuisChico/out/Ejercicio2_LuisChico.elf	0x1a002358	0x00000002	T	Chip_GPIO_Init
Ejercicio2_LuisChico/out/Ejercicio2_LuisChico.elf	0x1a002b28	0x00000004	T	OscRateIn
Ejercicio2_LuisChico/out/Ejercicio2_LuisChico.elf	0x1a001094	0x00000024	T	Board_I2C_Init
Ejercicio2_LuisChico/out/Ejercicio2_LuisChico.elf	0x100000c4	0x00000000	?	_end_noinit
Ejercicio2_LuisChico/out/Ejercicio2_LuisChico.elf	0x10008000	0x00000000	A	_vStackTop
Ejercicio2_LuisChico/out/Ejercicio2_LuisChico.elf	0x1a001048	0x00000024	T	Board_ENET_GetMacADDR
Ejercicio2_LuisChico/out/Ejercicio2_LuisChico.elf	0x1a0029a4	0x00000006	T	tiempoEncendido
Ejercicio2_LuisChico/out/Ejercicio2_LuisChico.elf	0x1a000980	0x00000052	T	delayInaccurate
Ejercicio2_LuisChico/out/Ejercicio2_LuisChico.elf	0x1a0001a0	0x00000002	W	SSP1_IRQHandler
Ejercicio2_LuisChico/out/Ejercicio2_LuisChico.elf	0x1a0022a8	0x0000000c	T	Chip_TIMER_Init
Ejercicio2_LuisChico/out/Ejercicio2_LuisChico.elf	0x1a001ed8	0x00000020	T	Chip_Clock_IsBaseClockEnabled
Ejercicio2_LuisChico/out/Ejercicio2_LuisChico.elf	0x1a000178	0x00000000	T	__bss_section_table_end
Ejercicio2_LuisChico/out/Ejercicio2_LuisChico.elf	0x1a001e74	0x00000034	T	Chip_Clock_GetBaseClockOpts
Ejercicio2_LuisChico/out/Ejercicio2_LuisChico.elf	0x10000078	0x00000018	B	blinkyDelay
Ejercicio2_LuisChico/out/Ejercicio2_LuisChico.elf	0x1a00246c	0x00000002	W	__aeabi_ldiv0
Ejercicio2_LuisChico/out/Ejercicio2_LuisChico.elf	0x1a0016cc	0x00000082	T	RingBuffer_PopMult
Ejercicio2_LuisChico/out/Ejercicio2_LuisChico.elf	0x1a0001a0	0x00000002	W	USB0_IRQHandler
Ejercicio2_LuisChico/out/Ejercicio2_LuisChico.elf	0x1a001fb0	0x00000034	T	Chip_Clock_Disable
Ejercicio2_LuisChico/out/Ejercicio2_LuisChico.elf	0x1a0001a0	0x00000002	W	GPIO3_IRQHandler
Ejercicio2_LuisChico/out/Ejercicio2_LuisChico.elf	0x1a00082c	0x00000044	T	Timer_DisableCompareMatch
Ejercicio2_LuisChico/out/Ejercicio2_LuisChico.elf	0x1a000f94	0x00000014	T	Board_UARTPutChar
Ejercicio2_LuisChico/out/Ejercicio2_LuisChico.elf	0x1a0012d0	0x00000022	T	Chip_UART_Send
Ejercicio2_LuisChico/out/Ejercicio2_LuisChico.elf	0x1a0001a0	0x00000002	W	SCT_IRQHandler
Ejercicio2_LuisChico/out/Ejercicio2_LuisChico.elf	0x1a002058	0x00000030	T	Chip_Clock_GetEMCRate
Ejercicio2_LuisChico/out/Ejercicio2_LuisChico.elf	0x1a001468	0x00000036	T	Chip_UART_IRQRBHandler
Ejercicio2_LuisChico/out/Ejercicio2_LuisChico.elf	0x1a001af8	0x0000001c	T	Chip_Clock_GetDividerDivisor
Ejercicio2_LuisChico/out/Ejercicio2_LuisChico.elf	0x1a0002fc	0x00000000	T	__CRP_WORD_START__
Ejercicio2_LuisChico/out/Ejercicio2_LuisChico.elf	0x1a00298e	0x00000010	T	memset
Ejercicio2_LuisChico/out/Ejercicio2_LuisChico.elf	0x1a000184	0x00000002	W	MemManage_Handler
Ejercicio2_LuisChico/out/Ejercicio2_LuisChico.elf	0x1a00043c	0x000000a0	T	main
Ejercicio2_LuisChico/out/Ejercicio2_LuisChico.elf	0x1a001328	0x00000022	T	Chip_UART_Read
Ejercicio2_LuisChico/out/Ejercicio2_LuisChico.elf	0x1a0001a0	0x00000002	W	WDT_IRQHandler
Ejercicio2_LuisChico/out/Ejercicio2_LuisChico.elf	0x1a000190	0x00000002	W	SVC_Handler
Ejercicio2_LuisChico/out/Ejercicio2_LuisChico.elf	0x1a0007f4	0x00000038	T	Timer_EnableCompareMatch
Ejercicio2_LuisChico/out/Ejercicio2_LuisChico.elf	0x1a00224c	0x00000014	T	Chip_SetupXtalClocking
Ejercicio2_LuisChico/out/Ejercicio2_LuisChico.elf	0x1a001030	0x00000016	T	Board_LED_Toggle
Ejercicio2_LuisChico/out/Ejercicio2_LuisChico.elf	0x1a0001a0	0x00000002	W	GPIO7_IRQHandler
Ejercicio2_LuisChico/out/Ejercicio2_LuisChico.elf	0x1a001f28	0x0000003c	T	Chip_Clock_EnableOpts
Ejercicio2_LuisChico/out/Ejercicio2_LuisChico.elf	0x1a0029dc	0x00000136	T	gpioPinsConfig
Ejercicio2_LuisChico/out/Ejercicio2_LuisChico.elf	0x1a001b14	0x000000b8	T	Chip_Clock_GetClockInputHz
Ejercicio2_LuisChico/out/Ejercicio2_LuisChico.elf	0x1a002300	0x00000058	T	fpuInit
Ejercicio2_LuisChico/out/Ejercicio2_LuisChico.elf	0x1a001000	0x00000030	T	Board_LED_Test
Ejercicio2_LuisChico/out/Ejercicio2_LuisChico.elf	0x1a001bcc	0x00000080	T	Chip_Clock_CalcMainPLLValue
Ejercicio2_LuisChico/out/Ejercicio2_LuisChico.elf	0x1a001120	0x0000001c	T	SystemInit
Ejercicio2_LuisChico/out/Ejercicio2_LuisChico.elf	0x1a0001a0	0x00000002	W	SPIFI_IRQHandler
Ejercicio2_LuisChico/out/Ejercicio2_LuisChico.elf	0x1a000a30	0x00000038	T	delay
Ejercicio2_LuisChico/out/Ejercicio2_LuisChico.elf	0x1a0001a0	0x00000002	W	QEI_IRQHandler
Ejercicio2_LuisChico/out/Ejercicio2_LuisChico.elf	0x1a000150	0x00000000	T	__bss_section_table
Ejercicio2_LuisChico/out/Ejercicio2_LuisChico.elf	0x1a001f98	0x00000018	T	Chip_Clock_RTCEnable
Ejercicio2_LuisChico/out/Ejercicio2_LuisChico.elf	0x1a000e50	0x00000058	T	gpioWrite
Ejercicio2_LuisChico/out/Ejercicio2_LuisChico.elf	0x1a001304	0x00000024	T	Chip_UART_SendBlocking
Ejercicio2_LuisChico/out/Ejercicio2_LuisChico.elf	0x1a00113c	0x00000034	T	Board_SetupMuxing
Ejercicio2_LuisChico/out/Ejercicio2_LuisChico.elf	0x1a0014a0	0x000000e8	T	Chip_UART_SetBaudFDR
Ejercicio2_LuisChico/out/Ejercicio2_LuisChico.elf	0x1a000b5c	0x0000000c	T	tickRead
Ejercicio2_LuisChico/out/Ejercicio2_LuisChico.elf	0x100000b8	0x00000008	B	tickRateMS
Ejercicio2_LuisChico/out/Ejercicio2_LuisChico.elf	0x1a0001a0	0x00000002	W	ETH_IRQHandler
Ejercicio2_LuisChico/out/Ejercicio2_LuisChico.elf	0x10000040	0x00000004	D	tickHookFunction
Ejercicio2_LuisChico/out/Ejercicio2_LuisChico.elf	0x10000000	0x00000000	?	_end_uninit_RESERVED
Ejercicio2_LuisChico/out/Ejercicio2_LuisChico.elf	0x1a000638	0x0000003a	T	waitForReceiveStringOrTimeoutBlocking
Ejercicio2_LuisChico/out/Ejercicio2_LuisChico.elf	0x1a0001a0	0x00000002	W	CAN0_IRQHandler
Ejercicio2_LuisChico/out/Ejercicio2_LuisChico.elf	0x10000000	0x00000000	D	_data
Ejercicio2_LuisChico/out/Ejercicio2_LuisChico.elf	0x1a000178	0x00000000	T	__section_table_end
Ejercicio2_LuisChico/out/Ejercicio2_LuisChico.elf	0x1a0004dc	0x00000064	T	uartConfig
Ejercicio2_LuisChico/out/Ejercicio2_LuisChico.elf	0x10000090	0x00000020	B	tec1
Ejercicio2_LuisChico/out/Ejercicio2_LuisChico.elf	0x1a0001a0	0x00000002	W	GINT0_IRQHandler
Ejercicio2_LuisChico/out/Ejercicio2_LuisChico.elf	0x1a0001a0	0x00000002	W	DAC_IRQHandler
Ejercicio2_LuisChico/out/Ejercicio2_LuisChico.elf	0x1a000f6c	0x00000028	T	Board_Debug_Init
Ejercicio2_LuisChico/out/Ejercicio2_LuisChico.elf	0x10000044	0x00000000	D	_edata
Ejercicio2_LuisChico/out/Ejercicio2_LuisChico.elf	0x1a0001a0	0x00000002	W	M0SUB_IRQHandler
Ejercicio2_LuisChico/out/Ejercicio2_LuisChico.elf	0x1a001594	0x00000038	T	Chip_UART_ABCmd
Ejercicio2_LuisChico/out/Ejercicio2_LuisChico.elf	0x1a0020fc	0x00000150	T	Chip_SetupCoreClock
Ejercicio2_LuisChico/out/Ejercicio2_LuisChico.elf	0x1a0001a0	0x00000002	W	GPIO0_IRQHandler
Ejercicio2_LuisChico/out/Ejercicio2_LuisChico.elf	0x1a0010b8	0x0000002c	T	Board_SDMMC_Init
Ejercicio2_LuisChico/out/Ejercicio2_LuisChico.elf	0x1a000000	0x00000114	T	g_pfnVectors
Ejercicio2_LuisChico/out/Ejercicio2_LuisChico.elf	0x1a002360	0x0000007c	T	ResetISR
Ejercicio2_LuisChico/out/Ejercicio2_LuisChico.elf	0x1a001800	0x00000014	T	SystemCoreClockUpdate
Ejercicio2_LuisChico/out/Ejercicio2_LuisChico.elf	0x1a00110c	0x00000014	T	Board_DAC_Init
Ejercicio2_LuisChico/out/Ejercicio2_LuisChico.elf	0x1a0001a0	0x00000002	W	DMA_IRQHandler
Ejercicio2_LuisChico/out/Ejercicio2_LuisChico.elf	0x1a0001a0	0x00000002	W	EVRT_IRQHandler
Ejercicio2_LuisChico/out/Ejercicio2_LuisChico.elf	0x1a0015cc	0x00000010	T	RingBuffer_Init
Ejercicio2_LuisChico/out/Ejercicio2_LuisChico.elf	0x1a0009d4	0x0000005a	T	delayInaccurateUs
Ejercicio2_LuisChico/out/Ejercicio2_LuisChico.elf	0x1a00246c	0x00000002	W	__aeabi_idiv0
Ejercicio2_LuisChico/out/Ejercicio2_LuisChico.elf	0x1a0020dc	0x00000014	T	Chip_Clock_DisablePLL
Ejercicio2_LuisChico/out/Ejercicio2_LuisChico.elf	0x1a001ff8	0x00000014	T	Chip_Clock_ClearPowerDown
Ejercicio2_LuisChico/out/Ejercicio2_LuisChico.elf	0x1a0013d8	0x0000003a	T	Chip_UART_TXIntHandlerRB
Ejercicio2_LuisChico/out/Ejercicio2_LuisChico.elf	0x1a000188	0x00000002	W	BusFault_Handler
Ejercicio2_LuisChico/out/Ejercicio2_LuisChico.elf	0x1a001f64	0x00000034	T	Chip_Clock_Enable
Ejercicio2_LuisChico/out/Ejercicio2_LuisChico.elf	0x1a000690	0x00000002	T	UART3_IRQHandler
Ejercicio2_LuisChico/out/Ejercicio2_LuisChico.elf	0x1a000428	0x00000014	T	updateFrec
Ejercicio2_LuisChico/out/Ejercicio2_LuisChico.elf	0x1a000ac8	0x0000001c	T	delayWrite
Ejercicio2_LuisChico/out/Ejercicio2_LuisChico.elf	0x1a0001a0	0x00000002	W	MCPWM_IRQHandler
Ejercicio2_LuisChico/out/Ejercicio2_LuisChico.elf	0x1a00240c	0x0000002e	T	__gnu_ldivmod_helper
Ejercicio2_LuisChico/out/Ejercicio2_LuisChico.elf	0x1a000fd8	0x00000028	T	Board_LED_Set
Ejercicio2_LuisChico/out/Ejercicio2_LuisChico.elf	0x1a0001a0	0x00000002	W	M0APP_IRQHandler
Ejercicio2_LuisChico/out/Ejercicio2_LuisChico.elf	0x1a000ea8	0x00000058	T	gpioRead
Ejercicio2_LuisChico/out/Ejercicio2_LuisChico.elf	0x1a0001a0	0x00000002	W	GINT1_IRQHandler
Ejercicio2_LuisChico/out/Ejercicio2_LuisChico.elf	0x1a000870	0x00000018	T	Timer_SetCompareMatch
Ejercicio2_LuisChico/out/Ejercicio2_LuisChico.elf	0x1a00134c	0x00000024	T	Chip_UART_ReadBlocking
Ejercicio2_LuisChico/out/Ejercicio2_LuisChico.elf	0x1a000f58	0x00000014	T	Board_UART_Init
Ejercicio2_LuisChico/out/Ejercicio2_LuisChico.elf	0x1a001ea8	0x00000018	T	Chip_Clock_EnableBaseClock
Ejercicio2_LuisChico/out/Ejercicio2_LuisChico.elf	0x1a001e30	0x00000044	T	Chip_Clock_SetBaseClock
Ejercicio2_LuisChico/out/Ejercicio2_LuisChico.elf	0x1a0001a0	0x00000002	W	GPIO4_IRQHandler
Ejercicio2_LuisChico/out/Ejercicio2_LuisChico.elf	0x1a0011e4	0x0000000c	T	Board_SystemInit
