Ejercicio2_PatricioBos/out/Ejercicio2_PatricioBos.elf	0x1a00298c	0x00000006	t	tiempoEncendido
Ejercicio2_PatricioBos/out/Ejercicio2_PatricioBos.elf	0x1a002994	0x00000006	t	leds
Ejercicio2_PatricioBos/out/Ejercicio2_PatricioBos.elf	0x10000049	0x00000001	b	indiceTiempo
Ejercicio2_PatricioBos/out/Ejercicio2_PatricioBos.elf	0x1000004a	0x00000001	b	indiceLed
Ejercicio2_PatricioBos/out/Ejercicio2_PatricioBos.elf	0x1a000684	0x00000002	t	errorOcurred
Ejercicio2_PatricioBos/out/Ejercicio2_PatricioBos.elf	0x1a000688	0x00000002	t	doNothing
Ejercicio2_PatricioBos/out/Ejercicio2_PatricioBos.elf	0x1a00299c	0x00000030	t	timer_sd
Ejercicio2_PatricioBos/out/Ejercicio2_PatricioBos.elf	0x10000000	0x00000040	d	timer_dd
Ejercicio2_PatricioBos/out/Ejercicio2_PatricioBos.elf	0x1a000c74	0x0000002c	t	gpioObtainPinConfig
Ejercicio2_PatricioBos/out/Ejercicio2_PatricioBos.elf	0x1a000f04	0x00000040	t	Board_LED_Init
Ejercicio2_PatricioBos/out/Ejercicio2_PatricioBos.elf	0x1a002b04	0x0000000c	t	gpioLEDBits
Ejercicio2_PatricioBos/out/Ejercicio2_PatricioBos.elf	0x1a002b20	0x00000060	t	pinmuxing
Ejercicio2_PatricioBos/out/Ejercicio2_PatricioBos.elf	0x1a002b80	0x0000000c	t	InitClkStates
Ejercicio2_PatricioBos/out/Ejercicio2_PatricioBos.elf	0x1a0011dc	0x0000002c	t	Chip_UART_GetIndex
Ejercicio2_PatricioBos/out/Ejercicio2_PatricioBos.elf	0x1a001208	0x00000048	t	Chip_UART_ABIntHandler
Ejercicio2_PatricioBos/out/Ejercicio2_PatricioBos.elf	0x1a002b8c	0x00000008	t	UART_PClock
Ejercicio2_PatricioBos/out/Ejercicio2_PatricioBos.elf	0x1a002b94	0x00000008	t	UART_BClock
Ejercicio2_PatricioBos/out/Ejercicio2_PatricioBos.elf	0x1000004b	0x00000001	b	ABsyncSts
Ejercicio2_PatricioBos/out/Ejercicio2_PatricioBos.elf	0x1a00173c	0x00000034	t	Chip_USB_PllSetup
Ejercicio2_PatricioBos/out/Ejercicio2_PatricioBos.elf	0x1a002b9c	0x00000014	t	usbPLLSetup
Ejercicio2_PatricioBos/out/Ejercicio2_PatricioBos.elf	0x1a001800	0x000000a8	t	pll_calc_divs
Ejercicio2_PatricioBos/out/Ejercicio2_PatricioBos.elf	0x1a0018a8	0x00000104	t	pll_get_frac
Ejercicio2_PatricioBos/out/Ejercicio2_PatricioBos.elf	0x1a0019ac	0x00000024	t	Chip_Clock_TestMainPLLMultiplier
Ejercicio2_PatricioBos/out/Ejercicio2_PatricioBos.elf	0x1a0019d0	0x00000048	t	Chip_Clock_FindBaseClock
Ejercicio2_PatricioBos/out/Ejercicio2_PatricioBos.elf	0x1a001df8	0x00000022	t	Chip_Clock_GetDivRate
Ejercicio2_PatricioBos/out/Ejercicio2_PatricioBos.elf	0x1a002bb0	0x0000006c	t	periph_to_base
Ejercicio2_PatricioBos/out/Ejercicio2_PatricioBos.elf	0x1000004c	0x00000008	b	audio_usb_pll_freq
Ejercicio2_PatricioBos/out/Ejercicio2_PatricioBos.elf	0x1a002c28	0x00000048	t	InitClkStates
Ejercicio2_PatricioBos/out/Ejercicio2_PatricioBos.elf	0x1a002268	0x0000002c	t	Chip_TIMER_GetClockIndex
Ejercicio2_PatricioBos/out/Ejercicio2_PatricioBos.elf	0x1a080000	0x00000000	a	__top_MFlashA512
Ejercicio2_PatricioBos/out/Ejercicio2_PatricioBos.elf	0x1a002c78	0x00000000	r	__exidx_end
Ejercicio2_PatricioBos/out/Ejercicio2_PatricioBos.elf	0x1a002c78	0x00000000	r	_etext
Ejercicio2_PatricioBos/out/Ejercicio2_PatricioBos.elf	0x20008000	0x00000000	a	__top_RamAHB32
Ejercicio2_PatricioBos/out/Ejercicio2_PatricioBos.elf	0x1a002c70	0x00000000	t	__exidx_start
Ejercicio2_PatricioBos/out/Ejercicio2_PatricioBos.elf	0x20010000	0x00000000	a	__top_RamAHB_ETB16
Ejercicio2_PatricioBos/out/Ejercicio2_PatricioBos.elf	0x10008000	0x00000000	a	__top_RamLoc32
Ejercicio2_PatricioBos/out/Ejercicio2_PatricioBos.elf	0x2000c000	0x00000000	a	__top_RamAHB16
Ejercicio2_PatricioBos/out/Ejercicio2_PatricioBos.elf	0x1008a000	0x00000000	a	__top_RamLoc40
Ejercicio2_PatricioBos/out/Ejercicio2_PatricioBos.elf	0x100000c4	0x00000000	b	_pvHeapStart
Ejercicio2_PatricioBos/out/Ejercicio2_PatricioBos.elf	0x1b080000	0x00000000	a	__top_MFlashB512
Ejercicio2_PatricioBos/out/Ejercicio2_PatricioBos.elf	0x1a001ac8	0x0000001c	T	Chip_Clock_GetDividerSource
Ejercicio2_PatricioBos/out/Ejercicio2_PatricioBos.elf	0x1a0003a4	0x00000050	T	buttonReleased
Ejercicio2_PatricioBos/out/Ejercicio2_PatricioBos.elf	0x1a002428	0x0000002e	T	__gnu_uldivmod_helper
Ejercicio2_PatricioBos/out/Ejercicio2_PatricioBos.elf	0x1a0008ec	0x00000040	T	TIMER2_IRQHandler
Ejercicio2_PatricioBos/out/Ejercicio2_PatricioBos.elf	0x1a000194	0x00000002	W	DebugMon_Handler
Ejercicio2_PatricioBos/out/Ejercicio2_PatricioBos.elf	0x1a0001a0	0x00000002	W	RIT_IRQHandler
Ejercicio2_PatricioBos/out/Ejercicio2_PatricioBos.elf	0x1a000798	0x00000040	T	Timer_DeInit
Ejercicio2_PatricioBos/out/Ejercicio2_PatricioBos.elf	0x1a0001a0	0x00000002	W	ADCHS_IRQHandler
Ejercicio2_PatricioBos/out/Ejercicio2_PatricioBos.elf	0x1a00245c	0x0000029c	T	__divdi3
Ejercicio2_PatricioBos/out/Ejercicio2_PatricioBos.elf	0x1a000114	0x00000000	T	__section_table_start
Ejercicio2_PatricioBos/out/Ejercicio2_PatricioBos.elf	0x1a0001a0	0x00000002	W	FLASH_EEPROM_IRQHandler
Ejercicio2_PatricioBos/out/Ejercicio2_PatricioBos.elf	0x1a0001a0	0x00000002	W	I2C0_IRQHandler
Ejercicio2_PatricioBos/out/Ejercicio2_PatricioBos.elf	0x1a00052c	0x00000044	T	uartReadByte
Ejercicio2_PatricioBos/out/Ejercicio2_PatricioBos.elf	0x1a001770	0x00000034	T	Chip_USB0_Init
Ejercicio2_PatricioBos/out/Ejercicio2_PatricioBos.elf	0x1a0012e0	0x00000010	T	Chip_UART_CheckBusy
Ejercicio2_PatricioBos/out/Ejercicio2_PatricioBos.elf	0x1a000a74	0x0000003e	T	delayRead
Ejercicio2_PatricioBos/out/Ejercicio2_PatricioBos.elf	0x1a000180	0x00000002	W	HardFault_Handler
Ejercicio2_PatricioBos/out/Ejercicio2_PatricioBos.elf	0x1a001574	0x0000000c	T	Chip_UART_GetABEOStatus
Ejercicio2_PatricioBos/out/Ejercicio2_PatricioBos.elf	0x1a000000	0x00000000	A	__vectors_start__
Ejercicio2_PatricioBos/out/Ejercicio2_PatricioBos.elf	0x1a001688	0x00000030	T	RingBuffer_Pop
Ejercicio2_PatricioBos/out/Ejercicio2_PatricioBos.elf	0x1a000fb0	0x00000014	T	Board_UARTPutSTR
Ejercicio2_PatricioBos/out/Ejercicio2_PatricioBos.elf	0x1a001eac	0x00000018	T	Chip_Clock_DisableBaseClock
Ejercicio2_PatricioBos/out/Ejercicio2_PatricioBos.elf	0x1a000b60	0x00000024	T	SysTick_Handler
Ejercicio2_PatricioBos/out/Ejercicio2_PatricioBos.elf	0x1a00135c	0x00000044	T	Chip_UART_SetBaud
Ejercicio2_PatricioBos/out/Ejercicio2_PatricioBos.elf	0x1a001c38	0x0000009c	T	Chip_Clock_SetupMainPLLMult
Ejercicio2_PatricioBos/out/Ejercicio2_PatricioBos.elf	0x1a0001a0	0x00000002	W	SDIO_IRQHandler
Ejercicio2_PatricioBos/out/Ejercicio2_PatricioBos.elf	0x1a000f94	0x0000001c	T	Board_UARTGetChar
Ejercicio2_PatricioBos/out/Ejercicio2_PatricioBos.elf	0x1a0001a0	0x00000002	W	ATIMER_IRQHandler
Ejercicio2_PatricioBos/out/Ejercicio2_PatricioBos.elf	0x1a000198	0x00000002	W	PendSV_Handler
Ejercicio2_PatricioBos/out/Ejercicio2_PatricioBos.elf	0x1a00017c	0x00000002	W	NMI_Handler
Ejercicio2_PatricioBos/out/Ejercicio2_PatricioBos.elf	0x1a000150	0x00000000	T	__data_section_table_end
Ejercicio2_PatricioBos/out/Ejercicio2_PatricioBos.elf	0x10000058	0x00000020	B	dataTecla2
Ejercicio2_PatricioBos/out/Ejercicio2_PatricioBos.elf	0x1a0001a0	0x00000002	W	I2C1_IRQHandler
Ejercicio2_PatricioBos/out/Ejercicio2_PatricioBos.elf	0x1a0001a0	0x00000002	W	UART1_IRQHandler
Ejercicio2_PatricioBos/out/Ejercicio2_PatricioBos.elf	0x1a0001a0	0x00000002	W	GPIO5_IRQHandler
Ejercicio2_PatricioBos/out/Ejercicio2_PatricioBos.elf	0x1a0001a0	0x00000002	W	CAN1_IRQHandler
Ejercicio2_PatricioBos/out/Ejercicio2_PatricioBos.elf	0x1a0020b4	0x00000014	T	Chip_Clock_EnablePLL
Ejercicio2_PatricioBos/out/Ejercicio2_PatricioBos.elf	0x53ff551a	0x00000000	A	__valid_user_code_checksum
Ejercicio2_PatricioBos/out/Ejercicio2_PatricioBos.elf	0x1a0010d0	0x00000028	T	Board_SSP_Init
Ejercicio2_PatricioBos/out/Ejercicio2_PatricioBos.elf	0x1a0001a0	0x00000002	W	USB1_IRQHandler
Ejercicio2_PatricioBos/out/Ejercicio2_PatricioBos.elf	0x1a0001a0	0x00000002	W	I2S0_IRQHandler
Ejercicio2_PatricioBos/out/Ejercicio2_PatricioBos.elf	0x1a0005a0	0x00000084	T	waitForReceiveStringOrTimeout
Ejercicio2_PatricioBos/out/Ejercicio2_PatricioBos.elf	0x1a00092c	0x00000040	T	TIMER3_IRQHandler
Ejercicio2_PatricioBos/out/Ejercicio2_PatricioBos.elf	0x1a001f08	0x0000000c	T	Chip_Clock_GetBaseClocktHz
Ejercicio2_PatricioBos/out/Ejercicio2_PatricioBos.elf	0x1a000178	0x00000002	T	UART0_IRQHandler
Ejercicio2_PatricioBos/out/Ejercicio2_PatricioBos.elf	0x1a0001c0	0x00000012	T	bss_init
Ejercicio2_PatricioBos/out/Ejercicio2_PatricioBos.elf	0x1a0022c4	0x00000028	T	Chip_TIMER_ExtMatchControlSet
Ejercicio2_PatricioBos/out/Ejercicio2_PatricioBos.elf	0x1a001444	0x0000000e	T	Chip_UART_ReadRB
Ejercicio2_PatricioBos/out/Ejercicio2_PatricioBos.elf	0x1a0022ac	0x00000018	T	Chip_TIMER_Reset
Ejercicio2_PatricioBos/out/Ejercicio2_PatricioBos.elf	0x1a002964	0x00000016	T	memcpy
Ejercicio2_PatricioBos/out/Ejercicio2_PatricioBos.elf	0x1a0001a0	0x00000002	W	SGPIO_IRQHandler
Ejercicio2_PatricioBos/out/Ejercicio2_PatricioBos.elf	0x1a0022a0	0x0000000c	T	Chip_TIMER_DeInit
Ejercicio2_PatricioBos/out/Ejercicio2_PatricioBos.elf	0x1a002074	0x00000040	T	Chip_Clock_SetupPLL
Ejercicio2_PatricioBos/out/Ejercicio2_PatricioBos.elf	0x1a0023c8	0x00000000	T	__aeabi_uldivmod
Ejercicio2_PatricioBos/out/Ejercicio2_PatricioBos.elf	0x100000c4	0x00000000	?	_noinit
Ejercicio2_PatricioBos/out/Ejercicio2_PatricioBos.elf	0x1a000660	0x00000018	T	uartWriteString
Ejercicio2_PatricioBos/out/Ejercicio2_PatricioBos.elf	0x100000c0	0x00000004	B	SystemCoreClock
Ejercicio2_PatricioBos/out/Ejercicio2_PatricioBos.elf	0x1a001250	0x00000050	T	Chip_UART_Init
Ejercicio2_PatricioBos/out/Ejercicio2_PatricioBos.elf	0x1a0001a0	0x00000002	W	ADC0_IRQHandler
Ejercicio2_PatricioBos/out/Ejercicio2_PatricioBos.elf	0x1a0015f8	0x00000090	T	RingBuffer_InsertMult
Ejercicio2_PatricioBos/out/Ejercicio2_PatricioBos.elf	0x1a000a54	0x00000020	T	delayConfig
Ejercicio2_PatricioBos/out/Ejercicio2_PatricioBos.elf	0x1a00018c	0x00000002	W	UsageFault_Handler
Ejercicio2_PatricioBos/out/Ejercicio2_PatricioBos.elf	0x1a001ff8	0x0000004c	T	Chip_Clock_GetRate
Ejercicio2_PatricioBos/out/Ejercicio2_PatricioBos.elf	0x1a0001a0	0x00000002	W	GPIO6_IRQHandler
Ejercicio2_PatricioBos/out/Ejercicio2_PatricioBos.elf	0x100000b0	0x00000008	B	tickCounter
Ejercicio2_PatricioBos/out/Ejercicio2_PatricioBos.elf	0x1a00115c	0x00000074	T	Board_SetupClocking
Ejercicio2_PatricioBos/out/Ejercicio2_PatricioBos.elf	0x1a002260	0x00000008	T	Chip_SystemInit
Ejercicio2_PatricioBos/out/Ejercicio2_PatricioBos.elf	0x1a002b1c	0x00000004	T	ExtRateIn
Ejercicio2_PatricioBos/out/Ejercicio2_PatricioBos.elf	0x1a0001a0	0x00000002	W	IntDefaultHandler
Ejercicio2_PatricioBos/out/Ejercicio2_PatricioBos.elf	0x1a000398	0x00000008	T	fsmDebounceInit
Ejercicio2_PatricioBos/out/Ejercicio2_PatricioBos.elf	0x1a000300	0x00000000	T	__CRP_WORD_END__
Ejercicio2_PatricioBos/out/Ejercicio2_PatricioBos.elf	0x1a000b54	0x0000000c	T	tickWrite
Ejercicio2_PatricioBos/out/Ejercicio2_PatricioBos.elf	0x1a002348	0x00000002	T	Chip_GPIO_DeInit
Ejercicio2_PatricioBos/out/Ejercicio2_PatricioBos.elf	0x1a0001a0	0x00000002	W	GPIO1_IRQHandler
Ejercicio2_PatricioBos/out/Ejercicio2_PatricioBos.elf	0x1a000ad0	0x00000078	T	tickConfig
Ejercicio2_PatricioBos/out/Ejercicio2_PatricioBos.elf	0x1a0017a4	0x00000048	T	Chip_USB1_Init
Ejercicio2_PatricioBos/out/Ejercicio2_PatricioBos.elf	0x1a0001a0	0x00000002	W	SSP0_IRQHandler
Ejercicio2_PatricioBos/out/Ejercicio2_PatricioBos.elf	0x1a000ca0	0x0000019c	T	gpioConfig
Ejercicio2_PatricioBos/out/Ejercicio2_PatricioBos.elf	0x1a0002fc	0x00000004	T	CRP_WORD
Ejercicio2_PatricioBos/out/Ejercicio2_PatricioBos.elf	0x1a00224c	0x00000014	T	Chip_SetupIrcClocking
Ejercicio2_PatricioBos/out/Ejercicio2_PatricioBos.elf	0x1a0026f8	0x0000026a	T	__udivdi3
Ejercicio2_PatricioBos/out/Ejercicio2_PatricioBos.elf	0x1a0001a0	0x00000002	W	ADC1_IRQHandler
Ejercicio2_PatricioBos/out/Ejercicio2_PatricioBos.elf	0x1a0015c8	0x00000030	T	RingBuffer_Insert
Ejercicio2_PatricioBos/out/Ejercicio2_PatricioBos.elf	0x1a001058	0x00000028	T	Board_Init
Ejercicio2_PatricioBos/out/Ejercicio2_PatricioBos.elf	0x1a000114	0x00000000	T	__data_section_table
Ejercicio2_PatricioBos/out/Ejercicio2_PatricioBos.elf	0x1a0001a0	0x00000002	W	RTC_IRQHandler
Ejercicio2_PatricioBos/out/Ejercicio2_PatricioBos.elf	0x100000c4	0x00000000	B	_ebss
Ejercicio2_PatricioBos/out/Ejercicio2_PatricioBos.elf	0x1a000874	0x0000003c	T	TIMER0_IRQHandler
Ejercicio2_PatricioBos/out/Ejercicio2_PatricioBos.elf	0x1a0001a0	0x00000002	W	SPI_IRQHandler
Ejercicio2_PatricioBos/out/Ejercicio2_PatricioBos.elf	0x1a0001a0	0x00000002	W	LCD_IRQHandler
Ejercicio2_PatricioBos/out/Ejercicio2_PatricioBos.elf	0x1a001a18	0x0000004c	T	Chip_Clock_EnableCrystal
Ejercicio2_PatricioBos/out/Ejercicio2_PatricioBos.elf	0x1a000b84	0x000000ee	T	boardConfig
Ejercicio2_PatricioBos/out/Ejercicio2_PatricioBos.elf	0x1a0001a4	0x0000001a	T	data_init
Ejercicio2_PatricioBos/out/Ejercicio2_PatricioBos.elf	0x10000048	0x00000001	B	blinkyState
Ejercicio2_PatricioBos/out/Ejercicio2_PatricioBos.elf	0x1a0008b0	0x0000003c	T	TIMER1_IRQHandler
Ejercicio2_PatricioBos/out/Ejercicio2_PatricioBos.elf	0x1a001a74	0x00000054	T	Chip_Clock_SetDivider
Ejercicio2_PatricioBos/out/Ejercicio2_PatricioBos.elf	0x1a000678	0x00000002	T	UART2_IRQHandler
Ejercicio2_PatricioBos/out/Ejercicio2_PatricioBos.elf	0x1a001d90	0x00000068	T	Chip_Clock_GetMainPLLHz
Ejercicio2_PatricioBos/out/Ejercicio2_PatricioBos.elf	0x1a0012a0	0x0000001c	T	Chip_UART_DeInit
Ejercicio2_PatricioBos/out/Ejercicio2_PatricioBos.elf	0x1a000680	0x00000004	T	sAPI_NullFuncPtr
Ejercicio2_PatricioBos/out/Ejercicio2_PatricioBos.elf	0x1a000570	0x00000030	T	uartWriteByte
Ejercicio2_PatricioBos/out/Ejercicio2_PatricioBos.elf	0x1a000eec	0x00000016	T	gpioToggle
Ejercicio2_PatricioBos/out/Ejercicio2_PatricioBos.elf	0x1a0001a0	0x00000002	W	GPIO2_IRQHandler
Ejercicio2_PatricioBos/out/Ejercicio2_PatricioBos.elf	0x1a001a64	0x00000010	T	Chip_Clock_DisableCrystal
Ejercicio2_PatricioBos/out/Ejercicio2_PatricioBos.elf	0x1a001fd0	0x00000014	T	Chip_Clock_StartPowerDown
Ejercicio2_PatricioBos/out/Ejercicio2_PatricioBos.elf	0x1a00068c	0x0000010c	T	Timer_Init
Ejercicio2_PatricioBos/out/Ejercicio2_PatricioBos.elf	0x1a0007d8	0x00000008	T	Timer_microsecondsToTicks
Ejercicio2_PatricioBos/out/Ejercicio2_PatricioBos.elf	0x1a001ee4	0x00000024	T	Chip_Clock_GetBaseClock
Ejercicio2_PatricioBos/out/Ejercicio2_PatricioBos.elf	0x1a0020dc	0x0000000c	T	Chip_Clock_GetPLLStatus
Ejercicio2_PatricioBos/out/Ejercicio2_PatricioBos.elf	0x1a0013a0	0x00000024	T	Chip_UART_RXIntHandlerRB
Ejercicio2_PatricioBos/out/Ejercicio2_PatricioBos.elf	0x1a001400	0x00000042	T	Chip_UART_SendRB
Ejercicio2_PatricioBos/out/Ejercicio2_PatricioBos.elf	0x10000048	0x00000000	B	_bss
Ejercicio2_PatricioBos/out/Ejercicio2_PatricioBos.elf	0x1a0001a0	0x00000002	W	I2S1_IRQHandler
Ejercicio2_PatricioBos/out/Ejercicio2_PatricioBos.elf	0x1a001cd4	0x000000bc	T	Chip_Clock_SetupMainPLLHz
Ejercicio2_PatricioBos/out/Ejercicio2_PatricioBos.elf	0x1a002344	0x00000002	T	Chip_GPIO_Init
Ejercicio2_PatricioBos/out/Ejercicio2_PatricioBos.elf	0x1a002b18	0x00000004	T	OscRateIn
Ejercicio2_PatricioBos/out/Ejercicio2_PatricioBos.elf	0x1a001080	0x00000024	T	Board_I2C_Init
Ejercicio2_PatricioBos/out/Ejercicio2_PatricioBos.elf	0x100000c4	0x00000000	?	_end_noinit
Ejercicio2_PatricioBos/out/Ejercicio2_PatricioBos.elf	0x10008000	0x00000000	A	_vStackTop
Ejercicio2_PatricioBos/out/Ejercicio2_PatricioBos.elf	0x1a001034	0x00000024	T	Board_ENET_GetMacADDR
Ejercicio2_PatricioBos/out/Ejercicio2_PatricioBos.elf	0x1a00096c	0x00000052	T	delayInaccurate
Ejercicio2_PatricioBos/out/Ejercicio2_PatricioBos.elf	0x1a0001a0	0x00000002	W	SSP1_IRQHandler
Ejercicio2_PatricioBos/out/Ejercicio2_PatricioBos.elf	0x1a002294	0x0000000c	T	Chip_TIMER_Init
Ejercicio2_PatricioBos/out/Ejercicio2_PatricioBos.elf	0x1a001ec4	0x00000020	T	Chip_Clock_IsBaseClockEnabled
Ejercicio2_PatricioBos/out/Ejercicio2_PatricioBos.elf	0x1a000178	0x00000000	T	__bss_section_table_end
Ejercicio2_PatricioBos/out/Ejercicio2_PatricioBos.elf	0x1a0003a0	0x00000002	T	buttonPressed
Ejercicio2_PatricioBos/out/Ejercicio2_PatricioBos.elf	0x1a001e60	0x00000034	T	Chip_Clock_GetBaseClockOpts
Ejercicio2_PatricioBos/out/Ejercicio2_PatricioBos.elf	0x10000078	0x00000018	B	blinkyDelay
Ejercicio2_PatricioBos/out/Ejercicio2_PatricioBos.elf	0x1a002458	0x00000002	W	__aeabi_ldiv0
Ejercicio2_PatricioBos/out/Ejercicio2_PatricioBos.elf	0x1a0016b8	0x00000082	T	RingBuffer_PopMult
Ejercicio2_PatricioBos/out/Ejercicio2_PatricioBos.elf	0x1a0001a0	0x00000002	W	USB0_IRQHandler
Ejercicio2_PatricioBos/out/Ejercicio2_PatricioBos.elf	0x1a001f9c	0x00000034	T	Chip_Clock_Disable
Ejercicio2_PatricioBos/out/Ejercicio2_PatricioBos.elf	0x1a0001a0	0x00000002	W	GPIO3_IRQHandler
Ejercicio2_PatricioBos/out/Ejercicio2_PatricioBos.elf	0x1a000818	0x00000044	T	Timer_DisableCompareMatch
Ejercicio2_PatricioBos/out/Ejercicio2_PatricioBos.elf	0x1a000f80	0x00000014	T	Board_UARTPutChar
Ejercicio2_PatricioBos/out/Ejercicio2_PatricioBos.elf	0x1a0012bc	0x00000022	T	Chip_UART_Send
Ejercicio2_PatricioBos/out/Ejercicio2_PatricioBos.elf	0x1a0001a0	0x00000002	W	SCT_IRQHandler
Ejercicio2_PatricioBos/out/Ejercicio2_PatricioBos.elf	0x1a002044	0x00000030	T	Chip_Clock_GetEMCRate
Ejercicio2_PatricioBos/out/Ejercicio2_PatricioBos.elf	0x1a001454	0x00000036	T	Chip_UART_IRQRBHandler
Ejercicio2_PatricioBos/out/Ejercicio2_PatricioBos.elf	0x1a001ae4	0x0000001c	T	Chip_Clock_GetDividerDivisor
Ejercicio2_PatricioBos/out/Ejercicio2_PatricioBos.elf	0x1a0002fc	0x00000000	T	__CRP_WORD_START__
Ejercicio2_PatricioBos/out/Ejercicio2_PatricioBos.elf	0x1a00297a	0x00000010	T	memset
Ejercicio2_PatricioBos/out/Ejercicio2_PatricioBos.elf	0x1a000184	0x00000002	W	MemManage_Handler
Ejercicio2_PatricioBos/out/Ejercicio2_PatricioBos.elf	0x1a000498	0x00000030	T	main
Ejercicio2_PatricioBos/out/Ejercicio2_PatricioBos.elf	0x1a001314	0x00000022	T	Chip_UART_Read
Ejercicio2_PatricioBos/out/Ejercicio2_PatricioBos.elf	0x1a0001a0	0x00000002	W	WDT_IRQHandler
Ejercicio2_PatricioBos/out/Ejercicio2_PatricioBos.elf	0x1a000190	0x00000002	W	SVC_Handler
Ejercicio2_PatricioBos/out/Ejercicio2_PatricioBos.elf	0x1a0007e0	0x00000038	T	Timer_EnableCompareMatch
Ejercicio2_PatricioBos/out/Ejercicio2_PatricioBos.elf	0x1a002238	0x00000014	T	Chip_SetupXtalClocking
Ejercicio2_PatricioBos/out/Ejercicio2_PatricioBos.elf	0x1a00101c	0x00000016	T	Board_LED_Toggle
Ejercicio2_PatricioBos/out/Ejercicio2_PatricioBos.elf	0x1a0001a0	0x00000002	W	GPIO7_IRQHandler
Ejercicio2_PatricioBos/out/Ejercicio2_PatricioBos.elf	0x1a001f14	0x0000003c	T	Chip_Clock_EnableOpts
Ejercicio2_PatricioBos/out/Ejercicio2_PatricioBos.elf	0x1a0029cc	0x00000136	T	gpioPinsConfig
Ejercicio2_PatricioBos/out/Ejercicio2_PatricioBos.elf	0x1a001b00	0x000000b8	T	Chip_Clock_GetClockInputHz
Ejercicio2_PatricioBos/out/Ejercicio2_PatricioBos.elf	0x1a0022ec	0x00000058	T	fpuInit
Ejercicio2_PatricioBos/out/Ejercicio2_PatricioBos.elf	0x1a000fec	0x00000030	T	Board_LED_Test
Ejercicio2_PatricioBos/out/Ejercicio2_PatricioBos.elf	0x1a001bb8	0x00000080	T	Chip_Clock_CalcMainPLLValue
Ejercicio2_PatricioBos/out/Ejercicio2_PatricioBos.elf	0x1a00110c	0x0000001c	T	SystemInit
Ejercicio2_PatricioBos/out/Ejercicio2_PatricioBos.elf	0x1a0001a0	0x00000002	W	SPIFI_IRQHandler
Ejercicio2_PatricioBos/out/Ejercicio2_PatricioBos.elf	0x1a000a1c	0x00000038	T	delay
Ejercicio2_PatricioBos/out/Ejercicio2_PatricioBos.elf	0x1a0001a0	0x00000002	W	QEI_IRQHandler
Ejercicio2_PatricioBos/out/Ejercicio2_PatricioBos.elf	0x1a000150	0x00000000	T	__bss_section_table
Ejercicio2_PatricioBos/out/Ejercicio2_PatricioBos.elf	0x1a001f84	0x00000018	T	Chip_Clock_RTCEnable
Ejercicio2_PatricioBos/out/Ejercicio2_PatricioBos.elf	0x1a000e3c	0x00000058	T	gpioWrite
Ejercicio2_PatricioBos/out/Ejercicio2_PatricioBos.elf	0x1a0012f0	0x00000024	T	Chip_UART_SendBlocking
Ejercicio2_PatricioBos/out/Ejercicio2_PatricioBos.elf	0x1a001128	0x00000034	T	Board_SetupMuxing
Ejercicio2_PatricioBos/out/Ejercicio2_PatricioBos.elf	0x1a00148c	0x000000e8	T	Chip_UART_SetBaudFDR
Ejercicio2_PatricioBos/out/Ejercicio2_PatricioBos.elf	0x1a000b48	0x0000000c	T	tickRead
Ejercicio2_PatricioBos/out/Ejercicio2_PatricioBos.elf	0x100000b8	0x00000008	B	tickRateMS
Ejercicio2_PatricioBos/out/Ejercicio2_PatricioBos.elf	0x1a0001a0	0x00000002	W	ETH_IRQHandler
Ejercicio2_PatricioBos/out/Ejercicio2_PatricioBos.elf	0x10000040	0x00000004	D	tickHookFunction
Ejercicio2_PatricioBos/out/Ejercicio2_PatricioBos.elf	0x10000000	0x00000000	?	_end_uninit_RESERVED
Ejercicio2_PatricioBos/out/Ejercicio2_PatricioBos.elf	0x1a000624	0x0000003a	T	waitForReceiveStringOrTimeoutBlocking
Ejercicio2_PatricioBos/out/Ejercicio2_PatricioBos.elf	0x1a0001a0	0x00000002	W	CAN0_IRQHandler
Ejercicio2_PatricioBos/out/Ejercicio2_PatricioBos.elf	0x10000000	0x00000000	D	_data
Ejercicio2_PatricioBos/out/Ejercicio2_PatricioBos.elf	0x10000090	0x00000020	B	dataTecla1
Ejercicio2_PatricioBos/out/Ejercicio2_PatricioBos.elf	0x1a000178	0x00000000	T	__section_table_end
Ejercicio2_PatricioBos/out/Ejercicio2_PatricioBos.elf	0x1a0004c8	0x00000064	T	uartConfig
Ejercicio2_PatricioBos/out/Ejercicio2_PatricioBos.elf	0x1a0001a0	0x00000002	W	GINT0_IRQHandler
Ejercicio2_PatricioBos/out/Ejercicio2_PatricioBos.elf	0x1a0001a0	0x00000002	W	DAC_IRQHandler
Ejercicio2_PatricioBos/out/Ejercicio2_PatricioBos.elf	0x1a000f58	0x00000028	T	Board_Debug_Init
Ejercicio2_PatricioBos/out/Ejercicio2_PatricioBos.elf	0x10000044	0x00000000	D	_edata
Ejercicio2_PatricioBos/out/Ejercicio2_PatricioBos.elf	0x1a0001a0	0x00000002	W	M0SUB_IRQHandler
Ejercicio2_PatricioBos/out/Ejercicio2_PatricioBos.elf	0x1a001580	0x00000038	T	Chip_UART_ABCmd
Ejercicio2_PatricioBos/out/Ejercicio2_PatricioBos.elf	0x1a000300	0x00000098	T	fsmBlinky
Ejercicio2_PatricioBos/out/Ejercicio2_PatricioBos.elf	0x1a0020e8	0x00000150	T	Chip_SetupCoreClock
Ejercicio2_PatricioBos/out/Ejercicio2_PatricioBos.elf	0x1a0001a0	0x00000002	W	GPIO0_IRQHandler
Ejercicio2_PatricioBos/out/Ejercicio2_PatricioBos.elf	0x1a0010a4	0x0000002c	T	Board_SDMMC_Init
Ejercicio2_PatricioBos/out/Ejercicio2_PatricioBos.elf	0x1a000000	0x00000114	T	g_pfnVectors
Ejercicio2_PatricioBos/out/Ejercicio2_PatricioBos.elf	0x1a00234c	0x0000007c	T	ResetISR
Ejercicio2_PatricioBos/out/Ejercicio2_PatricioBos.elf	0x1a0017ec	0x00000014	T	SystemCoreClockUpdate
Ejercicio2_PatricioBos/out/Ejercicio2_PatricioBos.elf	0x1a0010f8	0x00000014	T	Board_DAC_Init
Ejercicio2_PatricioBos/out/Ejercicio2_PatricioBos.elf	0x1a0001a0	0x00000002	W	DMA_IRQHandler
Ejercicio2_PatricioBos/out/Ejercicio2_PatricioBos.elf	0x1a0001a0	0x00000002	W	EVRT_IRQHandler
Ejercicio2_PatricioBos/out/Ejercicio2_PatricioBos.elf	0x1a0015b8	0x00000010	T	RingBuffer_Init
Ejercicio2_PatricioBos/out/Ejercicio2_PatricioBos.elf	0x1a0009c0	0x0000005a	T	delayInaccurateUs
Ejercicio2_PatricioBos/out/Ejercicio2_PatricioBos.elf	0x1a002458	0x00000002	W	__aeabi_idiv0
Ejercicio2_PatricioBos/out/Ejercicio2_PatricioBos.elf	0x1a0020c8	0x00000014	T	Chip_Clock_DisablePLL
Ejercicio2_PatricioBos/out/Ejercicio2_PatricioBos.elf	0x1a001fe4	0x00000014	T	Chip_Clock_ClearPowerDown
Ejercicio2_PatricioBos/out/Ejercicio2_PatricioBos.elf	0x1a0013c4	0x0000003a	T	Chip_UART_TXIntHandlerRB
Ejercicio2_PatricioBos/out/Ejercicio2_PatricioBos.elf	0x1a000188	0x00000002	W	BusFault_Handler
Ejercicio2_PatricioBos/out/Ejercicio2_PatricioBos.elf	0x1a001f50	0x00000034	T	Chip_Clock_Enable
Ejercicio2_PatricioBos/out/Ejercicio2_PatricioBos.elf	0x1a0003f4	0x000000a2	T	fsmDebounceUpdate
Ejercicio2_PatricioBos/out/Ejercicio2_PatricioBos.elf	0x1a00067c	0x00000002	T	UART3_IRQHandler
Ejercicio2_PatricioBos/out/Ejercicio2_PatricioBos.elf	0x1a000ab4	0x0000001c	T	delayWrite
Ejercicio2_PatricioBos/out/Ejercicio2_PatricioBos.elf	0x1a0001a0	0x00000002	W	MCPWM_IRQHandler
Ejercicio2_PatricioBos/out/Ejercicio2_PatricioBos.elf	0x1a0023f8	0x0000002e	T	__gnu_ldivmod_helper
Ejercicio2_PatricioBos/out/Ejercicio2_PatricioBos.elf	0x1a000fc4	0x00000028	T	Board_LED_Set
Ejercicio2_PatricioBos/out/Ejercicio2_PatricioBos.elf	0x1a0001a0	0x00000002	W	M0APP_IRQHandler
Ejercicio2_PatricioBos/out/Ejercicio2_PatricioBos.elf	0x1a000e94	0x00000058	T	gpioRead
Ejercicio2_PatricioBos/out/Ejercicio2_PatricioBos.elf	0x1a0001a0	0x00000002	W	GINT1_IRQHandler
Ejercicio2_PatricioBos/out/Ejercicio2_PatricioBos.elf	0x1a00085c	0x00000018	T	Timer_SetCompareMatch
Ejercicio2_PatricioBos/out/Ejercicio2_PatricioBos.elf	0x1a001338	0x00000024	T	Chip_UART_ReadBlocking
Ejercicio2_PatricioBos/out/Ejercicio2_PatricioBos.elf	0x1a000f44	0x00000014	T	Board_UART_Init
Ejercicio2_PatricioBos/out/Ejercicio2_PatricioBos.elf	0x1a001e94	0x00000018	T	Chip_Clock_EnableBaseClock
Ejercicio2_PatricioBos/out/Ejercicio2_PatricioBos.elf	0x1a001e1c	0x00000044	T	Chip_Clock_SetBaseClock
Ejercicio2_PatricioBos/out/Ejercicio2_PatricioBos.elf	0x1a0001a0	0x00000002	W	GPIO4_IRQHandler
Ejercicio2_PatricioBos/out/Ejercicio2_PatricioBos.elf	0x1a0011d0	0x0000000c	T	Board_SystemInit
